{"schemaVersion":"1.0","appDefinitionTemplate":{"id":"/providers/Microsoft.PowerApps/apps/","type":"Microsoft.PowerApps/apps","tags":{"primaryDeviceWidth":"1366","primaryDeviceHeight":"768","supportsPortrait":"true","supportsLandscape":"true","primaryFormFactor":"Tablet","publisherVersion":"3.22111.19","minimumRequiredApiVersion":"2.2.0","hasComponent":"false","hasUnlockedComponent":"false","isUnifiedRootApp":"false","sienaVersion":"20221124T114016Z-3.22111.19.0"},"properties":{"appVersion":"2022-11-24T11:40:16Z","lifeCycleId":"Published","createdByClientVersion":{"major":3,"minor":22111,"build":19,"revision":0,"majorRevision":0,"minorRevision":0},"minClientVersion":{"major":3,"minor":22111,"build":19,"revision":0,"majorRevision":0,"minorRevision":0},"backgroundColor":"rgba(202, 80, 16, 1)","backgroundImageUri":"/2183910760507467107/Nc6bd640d-9538-4eb9-907e-75b707c25145-logoSmallFile","displayName":"Maizuru","description":"","commitMessage":"","appUris":{"documentUri":{"value":"/2183910760507467107/Nb8ae6307-0af3-431f-9af8-d814c81b1ad6-document.msapp"},"imageUris":[],"additionalUris":[]},"createdTime":"0001-01-01T00:00:00Z","lastModifiedTime":"0001-01-01T00:00:00Z","sharedGroupsCount":0,"sharedUsersCount":0,"icons":{"smallIconUri":"/2183910760507467107/N02a0fec5-d5bf-4104-8012-909ec1f5e3f4-small.png","mediumIconUri":"/2183910760507467107/Na7ce60f6-6895-4e5c-b862-9eead02fe5de-medium.png","largeIconUri":"/2183910760507467107/Nfa07948d-9a6c-4c02-941f-f814c7574c1e-large.png","wideIconUri":"/2183910760507467107/N63df5ed0-0764-4560-bbd1-6ced3b2184ef-wide.png"},"connectionReferences":{"b7ba342c-5839-418a-abf7-a74fa1e2262b":{"id":"5e64ae67-3b02-44a5-ac4f-4275169d4fb1","displayName":"Office 365 ユーザー","iconUri":"https://connectoricons-prod.azureedge.net/releases/v1.0.1593/1.0.1593.2980/office365users/icon.png","dataSources":["Office365ユーザー"],"dependencies":[],"dependents":[],"parameterHints":{},"parameterHintsV2":{},"isOnPremiseConnection":false,"bypassConsent":false,"dataSets":{},"apiTier":"Standard","isCustomApiConnection":false,"actions":["SearchUserV2","UserPhoto_V2","Manager_V2","DirectReports_V2"]}},"databaseReferences":{},"almMode":"Solution","performanceOptimizationEnabled":true,"canConsumeAppPass":true,"enableModernRuntimeMode":false,"executionRestrictions":{"isTeamsOnly":false,"dataLossPreventionEvaluationResult":{"status":"Compliant","lastEvaluationDate":"2022-11-23T12:01:07.4068002Z","violations":[],"violationsByPolicy":[],"violationErrorMessage":"このアプリでは、次のコネクタが使用されます: shared_office365users。"}}},"appType":"ClassicCanvasApp","appComponents":[]}}